test,outcome,chi2,dof,p_value,prewar_rate,war_rate,risk_diff_war_minus_pre,odds_ratio_war_vs_pre,n_prewar,n_war,u_stat,prewar_n,war_n,prewar_mean,war_mean,prewar_median,war_median,mean_diff_war_minus_pre,median_diff_war_minus_pre
chi_square_independence,has_military_next_week,0.027266808218249956,1.0,0.8688443028035034,0.326133909287257,0.33121019108280253,0.005076281795545534,1.0232734153263956,463.0,471.0,,,,,,,,,
chi_square_independence,has_protest_next_week,18.605135932224663,1.0,1.607867925059869e-05,0.15766738660907129,0.27388535031847133,0.11621796370940005,2.0151405912040374,463.0,471.0,,,,,,,,,
mann_whitney_u,military_next_week,,,0.0016130103818079566,,,,,,,98180.5,463.0,471.0,1.6889848812095032,6.849256900212314,0.0,0.0,5.160272019002811,0.0
mann_whitney_u,protest_next_week,,,7.635221154452049e-07,,,,,,,94375.5,463.0,471.0,0.2267818574514039,0.9363057324840764,0.0,0.0,0.7095238750326726,0.0
