feature,feature_scaled,scale_factor,coef,se,p_value,IRR,IRR_CI_low,IRR_CI_high,n,p_fdr
peace_ratio,peace_ratio_scaled,10000.0,-0.01317646303247483,0.002601240587851552,4.0742939792968724e-07,0.9869099665281162,0.9818910787153348,0.991954508138374,934,3.259435183437498e-06
economy_frame_ratio,economy_frame_ratio_scaled,10000.0,-0.16647110100330395,0.07482804591346465,0.026100354356188165,0.8466472838389618,0.7311518797382911,0.9803867610768744,934,0.10440141742475266
humanrights_frame_ratio,humanrights_frame_ratio_scaled,10000.0,-0.02378554614777539,0.012017958689331242,0.04779721729760368,0.9764951004407555,0.9537623522913811,0.999769679411174,934,0.12745924612694315
war_ratio,war_ratio_scaled,10000.0,0.010180594326725842,0.014295256390453297,0.47636204188565345,1.0102325928860885,0.9823200490485328,1.038938269373475,934,0.6445285273372031
tone_support_score,tone_support_score_scaled,10000.0,0.01604527792487729,0.02484157159024507,0.5183413342570644,1.016174694645972,0.967882868742733,1.066876006783943,934,0.6445285273372031
security_frame_ratio,security_frame_ratio_scaled,10000.0,0.004313245145656765,0.006969586247579364,0.5360041485763802,1.0043225605759294,0.9906964048588138,1.018136132053026,934,0.6445285273372031
condemn_ratio,condemn_ratio_scaled,10000.0,-0.014622994193074142,0.0278703426277722,0.5998060914223367,0.9854834025422078,0.9330944359400325,1.0408137689812376,934,0.6445285273372031
support_ratio,support_ratio_scaled,10000.0,0.024589058575445365,0.05329499870303918,0.6445285273372031,1.024893862630271,0.9232371543276546,1.1377438881585669,934,0.6445285273372031
