feature,feature_scaled,scale_factor,coef,se,p_value,IRR,IRR_CI_low,IRR_CI_high,n,p_fdr
support_ratio,support_ratio_scaled,10000.0,-0.38206064709909504,0.1407704112126372,0.006646226739488714,0.6824536631153736,0.5179012701390991,0.899289167942186,934,0.05316981391590971
tone_support_score,tone_support_score_scaled,10000.0,-0.1894132750552974,0.07688478585334717,0.013754993584328997,0.827444473862092,0.7116938433583511,0.9620209078866135,934,0.05501997433731599
security_frame_ratio,security_frame_ratio_scaled,10000.0,-0.0696723356528133,0.034687842218321094,0.044584663710684994,0.9326993821764658,0.8713944743812998,0.9983172525049805,934,0.11633279433000888
condemn_ratio,condemn_ratio_scaled,10000.0,0.1385505301998866,0.07313528065284625,0.05816639716500444,1.1486077194814894,0.9952168559621112,1.3256404223349436,934,0.11633279433000888
peace_ratio,peace_ratio_scaled,10000.0,0.018413751272866756,0.03921142588573017,0.6386396277937074,1.0185843297790005,0.9432342258551704,1.0999537637967787,934,0.8394784939529772
economy_frame_ratio,economy_frame_ratio_scaled,10000.0,0.04264022601251159,0.11748171930785054,0.7166407346258038,1.043562380705653,0.8289263715031258,1.3137746365208312,934,0.8394784939529772
war_ratio,war_ratio_scaled,10000.0,-0.016541525051399806,0.049121017809063305,0.7363050255831044,0.9835945347290287,0.8933125851823885,1.0830007600881248,934,0.8394784939529772
humanrights_frame_ratio,humanrights_frame_ratio_scaled,10000.0,-0.009413942183223745,0.04647469708982732,0.8394784939529772,0.9906302302495756,0.9043811797213938,1.085104682725313,934,0.8394784939529772
